Brand,Origin,SoldIn
Almay,United States,"United States, Canada, United Kingdom, Australia"
AMOREPACIFIC,South Korea,"South Korea, United States, China, Japan, Singapore"
Anastasia Beverly Hills,United States,"United States, Canada, United Kingdom, Australia"
Antonym,United States,"United States, Canada, United Kingdom, Australia"
Armani Beauty,France,"France, United States, United Kingdom, Italy, Germany"
Au Naturale,United States,"United States, Canada, United Kingdom, Australia"
bareMinerals,United States,"United States, Canada, United Kingdom, Australia"
Beauty Bakerie,United States,"United States, Canada, United Kingdom, Australia"
beautyblender,United States,"United States, Canada, United Kingdom, Australia"
BECCA Cosmetics,United States,"United States, Canada, United Kingdom, Australia"
Benefit Cosmetics,United States,"United States, Canada, United Kingdom, Australia"
Bite Beauty,Canada,"Canada, United States, United Kingdom, Australia"
Black Up,France,"France, United States, United Kingdom, Canada, Australia"
BLK/OPL,United States,"United States, Canada, United Kingdom, Australia"
Bobbi Brown,United States,"United States, Canada, United Kingdom, Australia"
boscia,United States,"United States, Canada, United Kingdom, Australia"
Burt's Bees,United States,"United States, Canada, United Kingdom, Australia"
Catrice,Germany,"Germany, United States, United Kingdom, Australia"
Charlotte Tilbury,United Kingdom,"United Kingdom, United States, Canada, Australia"
Clinique,United States,"United States, Canada, United Kingdom, Australia"
ColourPop,United States,"United States, Canada, United Kingdom, Australia"
COOLA,United States,"United States, Canada, United Kingdom, Australia"
COVER FX,United States,"United States, Canada, United Kingdom, Australia"
CoverGirl,United States,"United States, Canada, United Kingdom, Australia"
Dermablend,United States,"United States, Canada, United Kingdom, Australia"
Dior,France,"France, United States, United Kingdom, Canada, Australia"
Dose Of Colors,United States,"United States, Canada, United Kingdom, Australia"
Dr. Dennis Gross Skincare,United States,"United States, Canada, United Kingdom, Australia"
Dr. Jart+,South Korea,"South Korea, United States, China, Japan, Singapore"
e.l.f. Cosmetics,United States,"United States, Canada, United Kingdom, Australia"
Elcie Cosmetics,United States,"United States, Canada, United Kingdom, Australia"
Erborian,France,"France, United States, United Kingdom, Canada, Australia"
Essence,Germany,"Germany, United States, United Kingdom, Australia"
Estée Lauder,United States,"United States, Canada, United Kingdom, Australia"
Exa,United States,"United States, Canada, United Kingdom, Australia"
FENTY BEAUTY by Rihanna,United States,"United States, Canada, United Kingdom, Australia"
florence by mills,United States,"United States, Canada, United Kingdom, Australia"
FLOWER Beauty,United States,"United States, Canada, United Kingdom, Australia"
Givenchy,France,"France, United States, United Kingdom, Canada, Australia"
Gucci,Italy,"Italy, United States, United Kingdom, Canada, Australia"
Guerlain,France,"France, United States, United Kingdom, Canada, Australia"
HOURGLASS,United States,"United States, Canada, United Kingdom, Australia"
HUDA BEAUTY,United Arab Emirates,"United Arab Emirates, United States, United Kingdom, Canada, Australia"
Hynt Beauty,United States,"United States, Canada, United Kingdom, Australia"
ILIA,United States,"United States, Canada, United Kingdom, Australia"
It Cosmetics,United States,"United States, Canada, United Kingdom, Australia"
J.Cat Beauty,United States,"United States, Canada, United Kingdom, Australia"
jane iredale,United States,"United States, Canada, United Kingdom, Australia"
Josie Maran,United States,"United States, Canada, United Kingdom, Australia"
Jouer Cosmetics,United States,"United States, Canada, United Kingdom, Australia"
Juice Beauty,United States,"United States, Canada, United Kingdom, Australia"
Juvia's Place,United States,"United States, Canada, United Kingdom, Australia"
KEVYN AUCOIN,United States,"United States, Canada, United Kingdom, Australia"
KIKO Milano,Italy,"Italy, United States, United Kingdom, Canada, Australia"
Koh Gen Do,Japan,"Japan, United States, United Kingdom, Canada, Australia"
Kosas,United States,"United States, Canada, United Kingdom, Australia"
KVD Vegan Beauty,United States,"United States, Canada, United Kingdom, Australia"
L.A. Girl,United States,"United States, Canada, United Kingdom, Australia"
L'Oréal,France,"France, United States, United Kingdom, Canada, Australia"
La Mer,United States,"United States, Canada, United Kingdom, Australia"
Lancôme,France,"France, United States, United Kingdom, Canada, Australia"
Laura Mercier,United States,"United States, Canada, United Kingdom, Australia"
LAWLESS,United States,"United States, Canada, United Kingdom, Australia"
lilah b.,United States,"United States, Canada, United Kingdom, Australia"
LORAC,United States,"United States, Canada, United Kingdom, Australia"
MAC,United States,"United States, Canada, United Kingdom, Australia"
MAKE UP FOR EVER,France,"France, United States, United Kingdom, Canada, Australia"
Makeup Revolution,United Kingdom,"United Kingdom, United States, Canada, Australia"
Marc Jacobs Beauty,United States,"United States, Canada, United Kingdom, Australia"
Maybelline,United States,"United States, Canada, United Kingdom, Australia"
Milani,United States,"United States, Canada, United Kingdom, Australia"
MILK MAKEUP,United States,"United States, Canada, United Kingdom, Australia"
Morphe,United States,"United States, Canada, United Kingdom, Australia"
NARS,France,"France, United States, United Kingdom, Canada, Australia"
Natasha Denona,Israel,"Israel, United States, United Kingdom, Canada, Australia"
NUDESTIX,Canada,"Canada, United States, United Kingdom, Australia"
NYX Professional Makeup,United States,"United States, Canada, United Kingdom, Australia"
Ofra Cosmetics,United States,"United States, Canada, United Kingdom, Australia"
Origins,United States,"United States, Canada, United Kingdom, Australia"
Pacifica,United States,"United States, Canada, United Kingdom, Australia"
PAT McGRATH LABS,United States,"United States, Canada, United Kingdom, Australia"
Perricone MD,United States,"United States, Canada, United Kingdom, Australia"
Physicians Formula,United States,"United States, Canada, United Kingdom, Australia"
Pretty Vulgar,United States,"United States, Canada, United Kingdom, Australia"
PÜR,United States,"United States, Canada, United Kingdom, Australia"
Rare Beauty by Selena Gomez,United States,"United States, Canada, United Kingdom, Australia"
Revlon,United States,"United States, Canada, United Kingdom, Australia"
rms beauty,United States,"United States, Canada, United Kingdom, Australia"
SEPHORA COLLECTION,France,"France, United States, United Kingdom, Canada, Australia"
Shiseido,Japan,"Japan, United States, United Kingdom, Canada, Australia"
Smashbox,United States,"United States, Canada, United Kingdom, Australia"
SMITH & CULT,United States,"United States, Canada, United Kingdom, Australia"
surratt beauty,United States,"United States, Canada, United Kingdom, Australia"
Tarte,United States,"United States, Canada, United Kingdom, Australia"
The Ordinary,Canada,"Canada, United States, United Kingdom, Australia"
TOM FORD,United States,"United States, Canada, United Kingdom, Australia"
Too Faced,United States,"United States, Canada, United Kingdom, Australia"
ULTA,United States,"United States, Canada, United Kingdom, Australia"
UOMA Beauty,United States,"United States, Canada, United Kingdom, Australia"
Urban Decay Cosmetics,United States,"United States, Canada, United Kingdom, Australia"
